ID Documento,Fecha,Producto,Cantidad,Estado,FacturaID_Vinculada,ProductId
0ACU3kAX8TCkNSdEleFC,2026-05-01,Washa de eje principal,1,facturado,E16RXZy5k9EiHtpoinQa,BJHnzdBLxwSDWhbOXcCD
0ktCaEVVli6WkkxaLwkT,2026-05-01,Kit de sellos de valvulas,1,facturado,eNCNI0TYfRDw75qu8mGD,KfBkeFOQXg721pQ3UKkP
0lO4jp4O6KgLTKi7Fig0,2026-05-12,Polvera grande,2,pendiente,,o76vNetcNhT9apKcuUVK
142u5gMPlvjRERYuM6uH,2026-05-11,Aceite REPSOL 20W50 1000ml,2,pendiente,,MxZYt471Hv0ZhT0oI8gt
1EIuJ1R8qpUsFjMkxTTb,2026-05-13,Aceite REPSOL 20W50 1000ml,2,pendiente,,MxZYt471Hv0ZhT0oI8gt
1LvH6dd7E7GhrMO4bKTf,2026-05-12,Switch de freno 2007 Bajaj,1,facturado,FasfNCOW6BIaFFx51ncn,y33BLkAI5s1VIE3UWFuf
1pTWMr17ehzQeHt2V9uY,2026-05-07,Cable de clutch compact Bajaj,1,facturado,DgOcpmFeobVPWR5FMKBd,YwFBh8gSR2cqUzSV2cUM
1z07AXhugLt4D4UlZfd4,2026-05-13,Polvera grande,2,pendiente,,o76vNetcNhT9apKcuUVK
28azc86CfcyxLBbqzVUn,2026-05-06,Aceite REPSOL 20W50 1000ml,1,facturado,DgOcpmFeobVPWR5FMKBd,MxZYt471Hv0ZhT0oI8gt
2AQ7VxfpqfdPlvOMgmZZ,2026-05-05,Filtro de aceite compact,1,facturado,zoyliGkrbviTL3x5RnOf,46jf95e2CO7XcCWDWq8v
2EPFjv9wY3qCAMYEkRdk,2026-05-13,Aceite REPSOL 20W50 1000ml,2,pendiente,,MxZYt471Hv0ZhT0oI8gt
2GI1J7mhwFtPVf670nCV,2026-05-12,Piña multiple 175,1,pendiente,,cE6TrQQ4vQ2YP344B5vY
2JPPA4TMBERkTtwcTYJw,2026-05-05,Kit de retenedores 175,1,facturado,MXeq9c7xDcWMf6VeIIXh,7w53huDrJrIGgVMPt6XM
2K2XNYZG0MnbFJeg47zU,2026-05-09,Filtro de aceite compact,1,facturado,5hi7MYFXUW72Wf2U7T0x,46jf95e2CO7XcCWDWq8v
2bWofDxquXmqctSuUvCD,2026-05-05,Focos de 2 contactos,2,facturado,FtMvQe4K34ss22jjIyoi,KAmVRz4jn6YlUVpxwiXr
3ApF2Bmb9qmXaW6FTZmd,2026-05-01,Balero 16007 Bajaj,1,facturado,eNCNI0TYfRDw75qu8mGD,qBfcZREXPI7h4CA4Vb7J
3b3dc5m8tSTOzL60wmWf,2026-05-04,Filtro y empaque,1,facturado,SOGjRerjott7P4a2tmZw,eqUw92h7s5dtXhgy5eTJ
3bFosykXqH0YhczNb5aS,2026-05-07,Tope de flecha,1,pendiente,,JWSujng8noxUgEfwmLNN
3h8MzPdffGXK7KvM8ryC,2026-05-01,Eje de piña,1,facturado,E16RXZy5k9EiHtpoinQa,xyO88XVEhsTZcZQGSr8Y
3lj4BIeQsnUVmKjaORgu,2026-05-13,Filtro de aceite compact,1,pendiente,,46jf95e2CO7XcCWDWq8v
3nboBgn3rkr5mEW383Zn,2026-05-09,Aceite REPSOL 20W50 1000ml,3,facturado,Z0TI3NufVPZdoURsiqBl,MxZYt471Hv0ZhT0oI8gt
4d4zABW0WKBM3PATckIU,2026-05-11,Aceite REPSOL 20W50 1000ml,2,pendiente,,MxZYt471Hv0ZhT0oI8gt
4dln3vL6z7VfGUXmudB8,2026-05-05,Stop completo LH 205 compact,1,facturado,6NtuAPjx2rqXxrnt7ULo,NgeIRZSL8a1QrwteRFmP
4fwievPQJBqjZCWKCFgk,2026-05-13,Aceite CASTROL 20W50 1000ml,1,facturado,5hi7MYFXUW72Wf2U7T0x,iIPhKSCzDDkLG4BMkLHn
4jP1hIblHIBp7Ykqj6Ap,2026-05-05,Bomba trasera,1,facturado,6NtuAPjx2rqXxrnt7ULo,k799vWanLuRNf04a2Fwn
4qNkpH1Et3IB9HjrevG2,2026-05-05,Filtro de aire,1,facturado,zoyliGkrbviTL3x5RnOf,Ulg5n09bZ3c5wTboyPqz
5aMVCtWtb4nziHWS7AJu,2026-05-05,Filtro de aceite compact,1,facturado,GSKWpNj6adsGs1qc0LDE,46jf95e2CO7XcCWDWq8v
5cYHDXmW2hkuMhBZ42xP,2026-05-09,Cable de acelerador 2022,1,pendiente,,7EinWhC5LBqYjcfha3ge
5gc30G7lR10HjlOZ17Ex,2026-05-09,Kit de discos de clutch pasta,1,pendiente,,O6FO97obZNJr9tyzNJs4
5n5aCaRoCGbiSs9WgKwp,2026-05-09,Bomba de aceite,1,facturado,FasfNCOW6BIaFFx51ncn,YsI2N2GF4Mjz11YVMJWs
5okamyFoNIFRa8NRgTMo,2026-05-05,Foco 67 de via,10,facturado,v1dXhJ7zoPQC4lQVa9lD,0JF5ARpMu2bCWsvSn7Yh
5qnn6LTg98nzFr3VcW4X,2026-05-05,Rin completo bajaj,1,facturado,kYGObPwwlKM3PVuUoseD,5QYSH5B6RjdeET5fwBLG
5uWJcEXvWpYqj55qXJVD,2026-05-04,Empaque de freno trasero,2,facturado,SOGjRerjott7P4a2tmZw,c3VvKk2OXo2CU9FKbg6e
5zqxLCR8U1Zrj1YDjEKR,2026-05-05,Kit de empaques 205,1,facturado,XZDY7grcCtKXTxhTrjV6,2fwhPCyLREtyq6W2es7t
61siXZipsIrKIdWUaFUU,2026-05-06,Filtro y empaque,1,facturado,lI0BG91jaOWACnPWIEky,eqUw92h7s5dtXhgy5eTJ
66GfSNI03nmEZSUF9vk4,2026-05-07,Polvera grande,2,pendiente,,o76vNetcNhT9apKcuUVK
6NeDszFBbGfAKgKWO6BK,2026-05-12,Pivot,1,facturado,FasfNCOW6BIaFFx51ncn,ezNs4lrtDn35wJ0iV0tN
6OwJc4bjdOl3U7lNrSmR,2026-05-13,Aceite REPSOL 20W50 1000ml,2,pendiente,,MxZYt471Hv0ZhT0oI8gt
6VAgx4VKpfYACIcoGCav,2026-05-01,Empaque de Clutch,1,facturado,8gGt5lmV26MfTBudXbDD,6hhJjR5wumxRtnrahX4d
6mcFdeLDQjOfZoN4YaQy,2026-05-05,Aceite REPSOL 20W50 1000ml,2,facturado,6NtuAPjx2rqXxrnt7ULo,MxZYt471Hv0ZhT0oI8gt
6tkYPadri5bG4pe1lKzA,2026-05-12,Filtro de aceite compact,1,facturado,ni7JyyKxmxMcUeMJ45aI,46jf95e2CO7XcCWDWq8v
6to4o0cYFhj480pETjzF,2026-05-11,Bujias Bajaj,1,facturado,akGry5aca0blMboV5JX9,n1To2anUCjTwfW21M0Bi
77Y8HlljLAGvJQ9asHDk,2026-05-11,kit de Anillos Estandar 205,1,facturado,5hi7MYFXUW72Wf2U7T0x,8h9L3zgP60jU7qetUcrD
780XkIoGXm5qMTkFwbvX,2026-05-13,Filtro de aceite compact,1,facturado,KVtQdCKe5ku72XNLVzHO,46jf95e2CO7XcCWDWq8v
7DNcQcFA8L1kSEy5QzeD,2026-05-07,Cable de acelerador Compact,1,facturado,DgOcpmFeobVPWR5FMKBd,OL0yBYhcW2Z8kE9GOjtp
7ELyhxIxfHLVLQ0Q01OJ,2026-05-05,Kit de empaques 205,1,facturado,kYGObPwwlKM3PVuUoseD,2fwhPCyLREtyq6W2es7t
7TFKsM2MoMrZmIk0jyRh,2026-05-04,Aceite REPSOL 20W50 1000ml,1,facturado,wRLCLHCqo29eGH7wDwpR,MxZYt471Hv0ZhT0oI8gt
7pv4aO4lWN1bNy450OdY,2026-05-05,Aceite REPSOL 20W50 1000ml,5,facturado,XZDY7grcCtKXTxhTrjV6,MxZYt471Hv0ZhT0oI8gt
85HI29NWpv8ZHT3aodQp,2026-05-11,Espaciador de cigüeñal,1,facturado,5hi7MYFXUW72Wf2U7T0x,KItN7oeRudOANsE9LHbQ
8Lgvc5fUu5SUsnsCrCzK,2026-05-01,Kit de baleros traseros,1,facturado,KxwCcD4u3a2iyQE9e9yr,rFNWNK3eGYImlLePjnO5
8UiLfNU23zhska2JeycV,2026-05-12,Aceite REPSOL 20W50 1000ml,2,pendiente,,MxZYt471Hv0ZhT0oI8gt
8biSc2z9a7vrEAS0apPZ,2026-05-02,Planta sola 175,1,facturado,ouKaA2KBoTwc5pXuSDHb,L4apupzsIzfP0XXB5j7h
8f0oFaEJRaAgYZWZha3f,2026-05-12,Bujia Compact BAJAJ,2,facturado,akGry5aca0blMboV5JX9,dXBTYOx1ogaUSNzboHSd
8zLvOa0gZljnFP8KEWfI,2026-05-12,Bujias Bajaj,1,facturado,akGry5aca0blMboV5JX9,n1To2anUCjTwfW21M0Bi
913triM789PvFZqK52O5,2026-05-12,Switch de neutro compact,1,pendiente,,C8j6R4HctBNUGc3ydmjZ
98LkfepMK2u6JE8G3gyG,2026-05-02,Cable de clutch sin forro,1,facturado,kR0t5nFL90DNC1i3hW4p,tDqP4GdYl1m4hEwlOe8V
9DYfegaAtTub5KMxkafy,2026-05-12,Piñon segunda 2 (175cc),1,pendiente,,dca539OJiAKcKsBXuoFa
9HES8Sua9ZDueCEL6hOJ,2026-05-01,Corona diferencial 175,1,facturado,eNCNI0TYfRDw75qu8mGD,LoYJ56aWuB58ZWE6LvVm
9OHk1bJIOvF0MzE70x8X,2026-05-07,Focos de 2 contactos,2,facturado,FtMvQe4K34ss22jjIyoi,KAmVRz4jn6YlUVpxwiXr
9Qli9O9dUic5M7BGk7iv,2026-05-09,Bujias Bajaj,1,facturado,akGry5aca0blMboV5JX9,n1To2anUCjTwfW21M0Bi
9T18BN4RWYLGTDJuvNXt,2026-05-05,Socket de 2 contactos,1,facturado,6NtuAPjx2rqXxrnt7ULo,HTSMpfAbznlAWI6TuSQh
9fhx7Xym1epAGILhJigM,2026-05-07,Switch de parqueo,1,facturado,FasfNCOW6BIaFFx51ncn,mMsG50GXl1ZAWxo9AuaA
9hfpYOyck2eWQSn1oCGM,2026-05-07,Bomba trasera,1,facturado,rC7TRveZApUO1ifDvlWO,k799vWanLuRNf04a2Fwn
A7FgJjtrpnrlvg1Nce7H,2026-05-05,Filtro de aceite compact,2,facturado,T34BW5BIcezVg3RZadSF,46jf95e2CO7XcCWDWq8v
AAoWMQsv7WyRwwjf0zbj,2026-05-02,Foco silvin,1,facturado,bT3jPLHolkIXkmexIxYk,XqSsL3cmMNXMc30h6lYb
AHAGycLtnmymHxBVFhXf,2026-05-06,Aceite HAVOLINE 20W50 1000ml,2,facturado,DgOcpmFeobVPWR5FMKBd,xLianJA09yo8R7gurOM0
AQdyrDGsApK3j8MvQkMl,2026-05-09,Aceite REPSOL 20W50 1000ml,1,facturado,Z0TI3NufVPZdoURsiqBl,MxZYt471Hv0ZhT0oI8gt
ARMXfyf8xWyLJJ7Qm2v6,2026-05-07,Filtro de aceite compact,1,facturado,5hi7MYFXUW72Wf2U7T0x,46jf95e2CO7XcCWDWq8v
B28BxJEoyvApKT4wIsx9,2026-05-05,Rin completo bajaj,1,facturado,v1dXhJ7zoPQC4lQVa9lD,5QYSH5B6RjdeET5fwBLG
BEn6wLUavBQ7YYT6lZgb,2026-05-09,Aceite REPSOL 20W50 1000ml,1,facturado,kyPLLmcTJWzE0ZYeIFI1,MxZYt471Hv0ZhT0oI8gt
BNI9GqITdyjtJMfq9sH1,2026-05-06,Bomba central de freno Bajaj,1,facturado,rC7TRveZApUO1ifDvlWO,R6VMwrhKBYThIJQdiByt
BT7DAjcI0fTflBYF6mSP,2026-05-02,Empaque de freno trasero,2,facturado,ouKaA2KBoTwc5pXuSDHb,c3VvKk2OXo2CU9FKbg6e
BdU1XF0pyhFSpH5Z5hJH,2026-05-05,Retenedor metalico,1,facturado,wRLCLHCqo29eGH7wDwpR,mBAulDT5f931rYpQoW6z
BlM8wpMZkqI9CM4FzHhX,2026-05-05,Cable de acelerador Nuevo Bajaj,1,facturado,kYGObPwwlKM3PVuUoseD,PSCX45qMCXoTRsnsWlox
BvbDhyXba8ZSU3VLm9ew,2026-05-01,Eje de leva,1,facturado,eNCNI0TYfRDw75qu8mGD,lioqBR0VocC0wOxG8F5A
C332O3BE8SYQCBvG1uXD,2026-05-02,Tapadera de ventilador grande BAJAJ,1,facturado,ouKaA2KBoTwc5pXuSDHb,GjEfcQHAtOtmUWwCZUQ3
CDHpoQHnf2pJFinT4D0Z,2026-05-07,Switch de neutro compact,1,pendiente,,C8j6R4HctBNUGc3ydmjZ
CDPZ3ADta4cVSTzncE5b,2026-05-11,Gusano de clutch,1,facturado,FasfNCOW6BIaFFx51ncn,H9GY2kqXC39RKFwMchsT
CIoJW1x6v5R1eC32g9at,2026-05-07,Polvera grande,1,facturado,lI0BG91jaOWACnPWIEky,o76vNetcNhT9apKcuUVK
CSPkfGoNIKdeT8jVLTBh,2026-05-01,Piñon de retroceso,1,facturado,E16RXZy5k9EiHtpoinQa,pS6Gyk5vRKVJC6xWVuMD
CTI15636Fpw3dstFK6Fg,2026-05-01,Pin de satelite grande,1,facturado,eNCNI0TYfRDw75qu8mGD,FU3r3zYle6H1cUR6mA0y
CaBtiA7JZBqTpzryoVaI,2026-05-05,Motor de arranque 175,1,facturado,kYGObPwwlKM3PVuUoseD,MylSDeFoG7L3guoaKGpz
Cf0kyh8wTw7B4SRRLaga,2026-05-05,Cable de freno de mano 2022,1,facturado,wRLCLHCqo29eGH7wDwpR,7pdv1aX7UTOjfFa9XXHz
Chttk3IsAers09BPDLVJ,2026-05-05,Cable de velocidad sin forro,1,facturado,6NtuAPjx2rqXxrnt7ULo,bBQlcoywZfGwzPIViAw2
Cs8RpcWKrPzuWosJf5T1,2026-05-11,Volante solo Bajaj 175,1,pendiente,,24xSiHJ6LRYf9H4H7og7
D49KmGmFC7Gt0jt7R99g,2026-05-05,Polvera grande,1,facturado,5uhUCWQWIuDRhxTs3ZJc,o76vNetcNhT9apKcuUVK
DE61oYXqGdYxYS59U7oX,2026-05-09,Switch de neutro compact,1,pendiente,,C8j6R4HctBNUGc3ydmjZ
DE7oFJPNUkR70lDCjGMm,2026-05-01,Guia de lubricacion hule BAJAJ,1,facturado,E16RXZy5k9EiHtpoinQa,kgHfEgSJ6XBPIOs9cJcP
DFNAxnQjSokr8eKS1tZz,2026-05-07,Foco 67 de via,1,facturado,10VMWGYjUMNFzdiqCV5r,0JF5ARpMu2bCWsvSn7Yh
DOfVpQQKSvzL4OAAuJFF,2026-05-02,Filtro de aceite compact,5,facturado,kR0t5nFL90DNC1i3hW4p,46jf95e2CO7XcCWDWq8v
DR4f34xJNbAQ4pmrXVUD,2026-05-07,Baquelitas delantera LH,1,facturado,rC7TRveZApUO1ifDvlWO,xy61Jgi7thqYPGYLjOxu
DWa3vfwul699Tq5FjZRh,2026-05-05,Cargador de motor trasero BAJAJ,1,pendiente,,mcKh4J063bFQvafyyzT8
DXPkL58clkSYAMk9r63P,2026-05-02,Tapadera de ventilador pequeño BAJAJ,1,facturado,ouKaA2KBoTwc5pXuSDHb,xnm7NZaCwYHICsWFyCLs
DgQk7pWaSVBipLFnmZIk,2026-05-04,Plato para aros cromados de plastico shakti,1,facturado,SOGjRerjott7P4a2tmZw,Ujow9Por5mZqSfV7Zj3v
Dh0o0tuG3Lj0gnyPRy7O,2026-05-11,Filtro de aceite compact,3,facturado,FasfNCOW6BIaFFx51ncn,46jf95e2CO7XcCWDWq8v
Dhcj5NKcAltDkRsJMuU2,2026-05-06,Filtro de aceite compact,1,facturado,5uhUCWQWIuDRhxTs3ZJc,46jf95e2CO7XcCWDWq8v
DtOpw0LqlZsvYV0Ofnt3,2026-05-01,Aceite HAVOLINE 20W50 1000ml,1,pendiente,,xLianJA09yo8R7gurOM0
DupRhNf4yMdj3D5iptwi,2026-05-05,Filtro y empaque,1,facturado,6NtuAPjx2rqXxrnt7ULo,eqUw92h7s5dtXhgy5eTJ
E7nHx7easBHNf9ztN4th,2026-05-05,kit de Anillos Estandar 205,1,facturado,10VMWGYjUMNFzdiqCV5r,8h9L3zgP60jU7qetUcrD
EEW78YuQpc8h2EemstVw,2026-05-06,Tapon de prefiltro BCB,1,pendiente,,ep2cP8EKuixXRbCxzdXQ
EcKXq1v54L2XLfFayUiN,2026-05-05,Balero 16007 Bajaj,1,facturado,T34BW5BIcezVg3RZadSF,qBfcZREXPI7h4CA4Vb7J
ErVwVnxV07T8fQwnET5z,2026-05-07,Baquelitas delantera RH,1,facturado,akGry5aca0blMboV5JX9,Rath7wvbVTJPjCXN47cd
EwWcD0Qm0F0xRWrrQpx3,2026-05-01,Bomba de aceite,1,facturado,E16RXZy5k9EiHtpoinQa,YsI2N2GF4Mjz11YVMJWs
F717TL76SWwqvfeNP11U,2026-05-04,Bomba trasera,1,facturado,SOGjRerjott7P4a2tmZw,k799vWanLuRNf04a2Fwn
FJGqqfY8q6GTJTSJM25v,2026-05-09,Balero JV188,1,facturado,akGry5aca0blMboV5JX9,7686NfUEs6GPTMrmhZwg
FQ7WGkIp6WhgqVeJ6t5f,2026-05-05,Filtro de aceite compact,1,facturado,MXeq9c7xDcWMf6VeIIXh,46jf95e2CO7XcCWDWq8v
FZIbloJQPhT777n6KJ9z,2026-05-05,Aceite HAVOLINE 20W50 1000ml,1,facturado,DgOcpmFeobVPWR5FMKBd,xLianJA09yo8R7gurOM0
FaWuPuOSvBbIQgoq2QHQ,2026-05-12,Amortiguador trasero,1,facturado,rC7TRveZApUO1ifDvlWO,SdFAAsq48y8SGN7CPLl6
FdBXmp5Lz3D1pImoWFhU,2026-05-07,Polvera grande,4,facturado,5hi7MYFXUW72Wf2U7T0x,o76vNetcNhT9apKcuUVK
FiG8l0KKn8CV4MyttJ2m,2026-05-11,Filtro y empaque,1,pendiente,,eqUw92h7s5dtXhgy5eTJ
G3sGrWCMZuKUomVRw9UU,2026-05-05,Compuerta trasera de motor 2022,1,pendiente,,45iUgZXFhDQNq8Ek6SO6
G4gnWDa7vKP3tihRCBjv,2026-05-07,Tope de flecha,1,facturado,udW9PgsA8OdHfbhO2NI6,JWSujng8noxUgEfwmLNN
G8dwCv8v5pPLGG4jajet,2026-05-01,Tapa de corona,1,facturado,8gGt5lmV26MfTBudXbDD,zOVGjNDKktIYjNbrumVM
GF9mvQmP1xI6o4It7ro1,2026-05-02,Filtro y empaque,1,facturado,ouKaA2KBoTwc5pXuSDHb,eqUw92h7s5dtXhgy5eTJ
GRMhuApY5y3klaDMbSOW,2026-05-07,Polvera grande,1,facturado,5uhUCWQWIuDRhxTs3ZJc,o76vNetcNhT9apKcuUVK
GX7gpAhkf4FU3XiFtRPT,2026-05-01,Aceite HAVOLINE 20W50 1000ml,1,facturado,eNCNI0TYfRDw75qu8mGD,xLianJA09yo8R7gurOM0
GYRASHYN7HH9HBfxlcl7,2026-05-01,Filtro de aceite compact,1,facturado,KxwCcD4u3a2iyQE9e9yr,46jf95e2CO7XcCWDWq8v
GZdD7saTwSmTAKhUXJwY,2026-05-05,Socket de 2 contactos,1,facturado,5uhUCWQWIuDRhxTs3ZJc,HTSMpfAbznlAWI6TuSQh
GazUDPIAHmevtCBxc0Jd,2026-05-07,Prisionero o prensa de cable BCB,1,facturado,5hi7MYFXUW72Wf2U7T0x,2vG9erys8uzANjXDklAF
GlU1Scgc0SMPCyqry7Lp,2026-05-12,Aceite REPSOL 20W50 1000ml,2,pendiente,,MxZYt471Hv0ZhT0oI8gt
GxMO9diO9CDZyIeYyThO,2026-05-05,Filtro de aceite compact,1,facturado,wRLCLHCqo29eGH7wDwpR,46jf95e2CO7XcCWDWq8v
GzqhVYDBhIuMwA7ApXNu,2026-05-01,Filtro de aceite compact,1,facturado,8gGt5lmV26MfTBudXbDD,46jf95e2CO7XcCWDWq8v
H7KZ0aLB4ulK7KqZnKx6,2026-05-01,Silicon gris,1,facturado,KxwCcD4u3a2iyQE9e9yr,YPzY7o9iQLR8ET1SnS5v
H8Yth2Onk0iCHkvqg7L8,2026-05-05,Cable de velocidad sin forro,1,facturado,wRLCLHCqo29eGH7wDwpR,bBQlcoywZfGwzPIViAw2
HDVM34X4sl2Nw7S6yQK5,2026-05-02,Loderas de hule,2,facturado,ouKaA2KBoTwc5pXuSDHb,2iiNN2YMAcy4HW0le8Hj
HR6QKEyzcGrFOoxkSAlx,2026-05-01,Satelite pequeño,2,facturado,eNCNI0TYfRDw75qu8mGD,SKbFkzhgw0pfT7zkVyuc
He85kfQKBgo6DNFSXaeV,2026-05-01,Aceite HAVOLINE 20W50 1000ml,1,facturado,8gGt5lmV26MfTBudXbDD,xLianJA09yo8R7gurOM0
HkXhQvdA5ZeFmKc04MKj,2026-05-12,Bujin de masa delantera,1,facturado,akGry5aca0blMboV5JX9,15n9GwwRsHxYK9Poh8fN
Hq2EdMQhxEfOXlPgDqNA,2026-05-06,Gusano de clutch,1,pendiente,,H9GY2kqXC39RKFwMchsT
HtigEcL8YHyIozrTbdmP,2026-05-05,Caracol trasero stop 175 LH,1,facturado,kYGObPwwlKM3PVuUoseD,tlXoUgqNzrC7joAsIrJh
I65qQQqtUFiNZWwhUACP,2026-05-05,Aceite HAVOLINE 20W50 1000ml,1,pendiente,,xLianJA09yo8R7gurOM0
IHOfBboQktNm015BNzst,2026-05-07,Switch de neutro compact,1,facturado,lI0BG91jaOWACnPWIEky,C8j6R4HctBNUGc3ydmjZ
IMjh1tG5HV94fBSErFYA,2026-05-12,Filtro de aceite compact,1,facturado,ni7JyyKxmxMcUeMJ45aI,46jf95e2CO7XcCWDWq8v
ISB35RLgjeiFoYeQZCSe,2026-05-08,Bomba central de freno Bajaj,1,facturado,akGry5aca0blMboV5JX9,R6VMwrhKBYThIJQdiByt
IZOiyyV0dxU3NvD6Gtbn,2026-05-08,Anillo de fuego hueco,1,facturado,rC7TRveZApUO1ifDvlWO,08jX9b3Efj9NtR3iCSoA
Iqfl38E7BdEkOwg5b0xZ,2026-05-12,Capuchon de bujia con cable,1,pendiente,,PlCli5YM9f4KWsnKktqe
Ix5k5aiYGOQ4h3YhQX5T,2026-05-05,Aceite REPSOL 20W50 1000ml,2,facturado,zoyliGkrbviTL3x5RnOf,MxZYt471Hv0ZhT0oI8gt
JZmR2PJwGXIPtAqJrywE,2026-05-09,Grasera mediana,1,facturado,5hi7MYFXUW72Wf2U7T0x,XN5p4xTgq2hwmQmpyhtz
JdilJ72QOlfnOsvzBZ1v,2026-05-07,Puente VRK,1,facturado,10VMWGYjUMNFzdiqCV5r,QkeMDoEkDzfRgkrXssVh
JnUSQ3YilxMmTK3ofnxH,2026-05-08,Aceite REPSOL 20W50 1000ml,1,pendiente,,MxZYt471Hv0ZhT0oI8gt
JwKMAy2PzX6wKcWCLspa,2026-05-05,Aceite REPSOL 20W50 1000ml,2,facturado,MXeq9c7xDcWMf6VeIIXh,MxZYt471Hv0ZhT0oI8gt
KG2MnEwZxyGiFk7nlvyo,2026-05-06,Kit de sellos de valvulas,1,pendiente,,KfBkeFOQXg721pQ3UKkP
KcXYzAL3xChLXlMVdPAW,2026-05-02,Soporte cargador central,1,facturado,bT3jPLHolkIXkmexIxYk,gM6mkYzhDmjxVHM7wf0h
Kqds9v1GOU64SC6khyyZ,2026-05-01,Carter Lado Magneto,1,facturado,V3p6u4eXLKbuclKozUXs,2YaH8YKHWuJD7PYAwtmd
L5TsdNNcHmTaRce2vz1R,2026-05-06,Aceite REPSOL 20W50 1000ml,2,facturado,DgOcpmFeobVPWR5FMKBd,MxZYt471Hv0ZhT0oI8gt
LJg23FEUuZiPhcmKo5C6,2026-05-09,Kit de retenedores 175,1,pendiente,,7w53huDrJrIGgVMPt6XM
LMw2sVqgi4yhhK2zIlcZ,2026-05-11,Plato completo LH,1,facturado,FasfNCOW6BIaFFx51ncn,R9qvumfLdO2koQlITjmg
LXrOXklQeOY2CxU8HpLz,2026-05-05,Aceite HAVOLINE 20W50 1000ml,1,facturado,6NtuAPjx2rqXxrnt7ULo,xLianJA09yo8R7gurOM0
M3WT8QAG9xg6Zyzl106W,2026-05-05,Filtro de aceite compact,1,facturado,XZDY7grcCtKXTxhTrjV6,46jf95e2CO7XcCWDWq8v
M53WA1RpCiJsXyRIIy9e,2026-05-06,Filtro y empaque,1,facturado,5uhUCWQWIuDRhxTs3ZJc,eqUw92h7s5dtXhgy5eTJ
MB0cbjLaSRtX1RHOSUCo,2026-05-07,Filtro de aceite compact,1,facturado,5hi7MYFXUW72Wf2U7T0x,46jf95e2CO7XcCWDWq8v
MFRjYwnHpJZxekFZmcln,2026-05-06,Stop completo RH 175,1,pendiente,,rCIS4nbvBgXDCvKEMhVE
MQYpG8RLkqITGsSMZOlV,2026-05-09,Filtro de aceite compact,2,facturado,5hi7MYFXUW72Wf2U7T0x,46jf95e2CO7XcCWDWq8v
MhdIA12zECYbqiRI4gS2,2026-05-05,Filtro de aceite compact,1,facturado,MXeq9c7xDcWMf6VeIIXh,46jf95e2CO7XcCWDWq8v
MllQkBkHIMX8IPvAjfH5,2026-05-02,Espejos negros 2022 LILA set,1,facturado,kR0t5nFL90DNC1i3hW4p,JqtPwIyiMFmGlqwxpY6m
N3QmC4gxKbdrGH7JY29U,2026-05-07,Anillo de fuego hueco,1,facturado,6NtuAPjx2rqXxrnt7ULo,08jX9b3Efj9NtR3iCSoA
N7WbA2C1azvQFKK17a1H,2026-05-02,Filtro de aceite compact,1,facturado,bT3jPLHolkIXkmexIxYk,46jf95e2CO7XcCWDWq8v
NCr3o75O7SZtoeo0UyE0,2026-05-02,Bomba trasera,1,facturado,bT3jPLHolkIXkmexIxYk,k799vWanLuRNf04a2Fwn
NMgyf2xJRzZSB0H0804V,2026-05-05,Aceite REPSOL 20W50 1000ml,2,facturado,akGry5aca0blMboV5JX9,MxZYt471Hv0ZhT0oI8gt
NRTMOS77SzCia3pZXOTL,2026-05-07,Tuerca de clutch,1,facturado,FasfNCOW6BIaFFx51ncn,2n9XK0lt1JycX3eBcwOq
NTLlm4hR2tnuzoL6cZxC,2026-05-05,Vidrio central compact,1,facturado,MXeq9c7xDcWMf6VeIIXh,DV3X12nXeLwDuaDbBpe2
NZDVFhFjDYiQi6g3NlRv,2026-05-01,Pivot estandar compact,1,facturado,V3p6u4eXLKbuclKozUXs,DiTdmt4Si7FHoMYGA7m0
OGq8DERAUjGStiQWIzaf,2026-05-12,Bomba central de freno Bajaj,1,facturado,DgOcpmFeobVPWR5FMKBd,R6VMwrhKBYThIJQdiByt
OcZP20gEZ3uGtu5M0ukO,2026-05-09,Aceite 140,1,facturado,GSKWpNj6adsGs1qc0LDE,TmfFRNzZ093NMW8Y3tf9
Olnpmstw2GFck3IhjKne,2026-05-13,Focos de 2 contactos,6,pendiente,,KAmVRz4jn6YlUVpxwiXr
P1bP76VCFdUXuIPv2SoG,2026-05-01,Planetario grande,2,facturado,eNCNI0TYfRDw75qu8mGD,hQn9w1dwh9vxsPJiYw4t
PFbPL3mPx1S2UJ038r9g,2026-05-05,Tapadera de ventilador pequeño BAJAJ,1,facturado,kYGObPwwlKM3PVuUoseD,xnm7NZaCwYHICsWFyCLs
PLrdAMvd4k1gs3ccJN2F,2026-05-01,Selector de velocidad,1,facturado,E16RXZy5k9EiHtpoinQa,cF6mvXiUN7HpKI07Lptd
PS6tUnRWFrqL9TXrHtAa,2026-05-11,Bomba trasera,1,pendiente,,k799vWanLuRNf04a2Fwn
QC6v4JRaByafNDDZ2CDW,2026-05-01,Tope de flecha,2,facturado,eNCNI0TYfRDw75qu8mGD,JWSujng8noxUgEfwmLNN
QGk8v17FQkay2HUQDkAG,2026-05-05,Filtro de aceite compact,1,facturado,zoyliGkrbviTL3x5RnOf,46jf95e2CO7XcCWDWq8v
QVuwsTKm63tQyjaRlDkn,2026-05-01,Guias de cadena de tiempo BAJAJ juego,1,facturado,E16RXZy5k9EiHtpoinQa,QG0plBzJDBci8O1LBvJq
QXQZXsTqWT8TIjmTifJA,2026-05-01,Bayoneta de nivel de aceite negro BAJAJ,1,facturado,8gGt5lmV26MfTBudXbDD,cQ2HlwdgheuJRHzJuR7J
QXuW2aHrBPMXE1JXI3FX,2026-05-05,Kit de empaques 205,1,pendiente,,2fwhPCyLREtyq6W2es7t
Qbd2Znk2nCp0L0mwxiXy,2026-05-05,Guardafangos trasero,1,pendiente,,8VGpOjDyg1rmXQHcUgNG
QgKvlWasUrOBKCUP0MDB,2026-05-01,Piñon Doble,1,facturado,E16RXZy5k9EiHtpoinQa,aLoMXAjEctaic4j8NEYn
QqRKGnwjkBtTgm88Xdm4,2026-05-02,Cadena de tiempo,1,facturado,eNCNI0TYfRDw75qu8mGD,JZbT4ZE0Bw5Ll8PciVsb
QsKdConZKdovHf2nikat,2026-05-07,Switch de neutro compact,1,pendiente,,C8j6R4HctBNUGc3ydmjZ
QtIGuXkCOaDUn0fBQktd,2026-05-05,Kit de baleros traseros,1,facturado,XZDY7grcCtKXTxhTrjV6,rFNWNK3eGYImlLePjnO5
Qy1zpp1aONzDYx7oEEsl,2026-05-02,Empaque de freno trasero,2,facturado,bT3jPLHolkIXkmexIxYk,c3VvKk2OXo2CU9FKbg6e
R3mFcUdE00otwaJubQx8,2026-05-05,Aceite REPSOL 20W50 1000ml,2,facturado,T34BW5BIcezVg3RZadSF,MxZYt471Hv0ZhT0oI8gt
R49rQm8pzwPlzm34GLSI,2026-05-01,Empaque de freno trasero,1,facturado,eNCNI0TYfRDw75qu8mGD,c3VvKk2OXo2CU9FKbg6e
R8vQ6zxQtj9bvtOvA05Z,2026-05-09,Aceite REPSOL 20W50 1000ml,1,pendiente,,MxZYt471Hv0ZhT0oI8gt
RFCQPHAqXJnHDD8hzScP,2026-05-09,Espaciador de cigüeñal,1,facturado,10VMWGYjUMNFzdiqCV5r,KItN7oeRudOANsE9LHbQ
RXfxw3cVlcvKbC3nWO4t,2026-05-07,Flecha pequeña bajaj,1,facturado,10VMWGYjUMNFzdiqCV5r,IB90YoF9vPmbhPbzGsr2
RfcgL3LLuvnmTv4YlyiL,2026-05-07,Gusano de clutch,1,facturado,FasfNCOW6BIaFFx51ncn,H9GY2kqXC39RKFwMchsT
RhcFHQsNmIG0mzuWIOXx,2026-05-05,Filtro de aceite compact,1,facturado,MXeq9c7xDcWMf6VeIIXh,46jf95e2CO7XcCWDWq8v
RxLcdwP9soI0M3SN0mkU,2026-05-01,Focos de 2 contactos,10,facturado,8gGt5lmV26MfTBudXbDD,KAmVRz4jn6YlUVpxwiXr
RxddQYeYWkFfmv2y67lg,2026-05-01,Gusano de cruz,1,facturado,E16RXZy5k9EiHtpoinQa,2Cp5TwGdEUFCMA5B5Ytp
RyJ7NmDzRGT69PxVNXrM,2026-05-12,Bujias Bajaj,1,facturado,akGry5aca0blMboV5JX9,n1To2anUCjTwfW21M0Bi
RzCrPYQfrusUl6kvPhlc,2026-05-11,Aceite REPSOL 20W50 1000ml,4,pendiente,,MxZYt471Hv0ZhT0oI8gt
SAhwXUVfcU4jBFT4FSkh,2026-05-08,Filtro y empaque,1,pendiente,,eqUw92h7s5dtXhgy5eTJ
SbehvHD83nJ3AZJShmKn,2026-05-05,Filtro de aceite compact,1,facturado,GSKWpNj6adsGs1qc0LDE,46jf95e2CO7XcCWDWq8v
SfGOFfyXkX36w98gXLpx,2026-05-07,Polvera grande,1,facturado,5hi7MYFXUW72Wf2U7T0x,o76vNetcNhT9apKcuUVK
Sh76HaVkNQuVxG3soXU7,2026-05-01,Kit de empaques 205,1,facturado,V3p6u4eXLKbuclKozUXs,2fwhPCyLREtyq6W2es7t
SpEgH96XaFqJH7wTp50K,2026-05-06,Cable de clutch nuevo Bajaj,1,facturado,DgOcpmFeobVPWR5FMKBd,YOrVSh8ETDwxtBnSdzwi
T6eoduRNv3t1QviFwMA9,2026-05-05,Cable de clutch sin forro,1,facturado,XZDY7grcCtKXTxhTrjV6,tDqP4GdYl1m4hEwlOe8V
T8VnzPhSZMjj4kIOef28,2026-05-07,Amortiguador trasero,1,facturado,rC7TRveZApUO1ifDvlWO,SdFAAsq48y8SGN7CPLl6
TAiERnYIWjopdqXWTyqH,2026-05-11,Filtro y empaque,1,pendiente,,eqUw92h7s5dtXhgy5eTJ
TBp5UQ3WFsejzBmYmAjm,2026-05-07,Tope de flecha,1,facturado,5uhUCWQWIuDRhxTs3ZJc,JWSujng8noxUgEfwmLNN
TKEGbwmWUbF9hQArTRVY,2026-05-02,Kit de retenedores 175,1,facturado,kR0t5nFL90DNC1i3hW4p,7w53huDrJrIGgVMPt6XM
TSTFIVqVTiUGWidGk9K5,2026-05-12,Liquido de frenos,1,facturado,5hi7MYFXUW72Wf2U7T0x,gAsbHSKzrez4ss6hGlxD
TkmwdcWPSqk0ctegfKiB,2026-05-01,Balero 1616,2,facturado,V3p6u4eXLKbuclKozUXs,SHwbUxO2NddEG8VfG8iu
TvWobG7nfuYOtHdXhyJi,2026-05-09,Aceite REPSOL 20W50 1000ml,1,facturado,ni7JyyKxmxMcUeMJ45aI,MxZYt471Hv0ZhT0oI8gt
U7dG9Kax2QNYmVTcI7RD,2026-05-02,Bomba trasera,1,facturado,ouKaA2KBoTwc5pXuSDHb,k799vWanLuRNf04a2Fwn
UVSvF8OikXF78MuPw0iI,2026-05-01,Selector de Retroceso Nuevo BAJAJ,1,facturado,8gGt5lmV26MfTBudXbDD,hRnWTNBMtYe8oUnOfile
UaDbPSsienomnPHpmzKl,2026-05-07,Aceite REPSOL 20W50 1000ml,1,facturado,DgOcpmFeobVPWR5FMKBd,MxZYt471Hv0ZhT0oI8gt
Ue9FIlxEqoZHBGPwF5pH,2026-05-09,Cable de velocidad sin forro,1,pendiente,,bBQlcoywZfGwzPIViAw2
UgQk18sWFDAExYnaZcdg,2026-05-07,Tope de flecha,1,pendiente,,JWSujng8noxUgEfwmLNN
UlmRzm67OEMyenUN67Yq,2026-05-01,Balero JV188,1,facturado,E16RXZy5k9EiHtpoinQa,7686NfUEs6GPTMrmhZwg
UmiJVdcKAFKm2XZluTv6,2026-05-01,Pin hueco Bajaj,2,facturado,8gGt5lmV26MfTBudXbDD,QLtIRHOJ4HKCyG9VUl6n
UpvhzkmcDmrISVh5FDKV,2026-05-09,Balero 6004,1,facturado,akGry5aca0blMboV5JX9,gRpoTQoWiS3VAFyJFcBa
UqgHe5ikgWo1dEVdiiPE,2026-05-08,Socket de 2 contactos,2,pendiente,,HTSMpfAbznlAWI6TuSQh
VHa3h8i9CIICYMVL8q7r,2026-05-09,Prisionero o prensa de cable BCB,1,facturado,5hi7MYFXUW72Wf2U7T0x,2vG9erys8uzANjXDklAF
VPMst3Kst1ctOcxhwCcz,2026-05-05,Aceite HAVOLINE 20W50 1000ml,1,facturado,zoyliGkrbviTL3x5RnOf,xLianJA09yo8R7gurOM0
VkSnd83utAKlV6EPMBoR,2026-05-06,Amortiguador trasero,1,facturado,6NtuAPjx2rqXxrnt7ULo,SdFAAsq48y8SGN7CPLl6
VlJkOgNYoYngqzdgIn65,2026-05-12,Filtro de aceite compact,1,facturado,ni7JyyKxmxMcUeMJ45aI,46jf95e2CO7XcCWDWq8v
Vn62gtYHVPzGDPABauVI,2026-05-05,Cable Aspirometro 2022 Bajaj,1,facturado,T34BW5BIcezVg3RZadSF,b4tSI13uaPghKiDCKxU1
VvawBEQvW3nED2tQL4tp,2026-05-05,Kit de baleros traseros,1,facturado,wRLCLHCqo29eGH7wDwpR,rFNWNK3eGYImlLePjnO5
W2ymrrtTJCrBAlFG6qHt,2026-05-05,Empaque de Clutch,1,facturado,kYGObPwwlKM3PVuUoseD,6hhJjR5wumxRtnrahX4d
WcXwDvhklGFwTIVup0kR,2026-05-05,Aceite HAVOLINE 20W50 1000ml,1,pendiente,,xLianJA09yo8R7gurOM0
WckvDKOW5cUOXruY4ETG,2026-05-11,Aceite HAVOLINE 20W50 1000ml,2,facturado,FasfNCOW6BIaFFx51ncn,xLianJA09yo8R7gurOM0
WqdC0xNyfEAWDGG7kVv1,2026-05-07,Pivot,1,pendiente,,ezNs4lrtDn35wJ0iV0tN
X719QezxUcGhcuTM2bjr,2026-05-13,Caracol trasero stop 175 LH,1,facturado,DgOcpmFeobVPWR5FMKBd,tlXoUgqNzrC7joAsIrJh
XjGJItWJW0ObueW1mv98,2026-05-06,Kit de valvula 205,1,pendiente,,WA3D7vYaTueijlEe4stK
YAIzmR2c4fGcvKYjDxqn,2026-05-05,Caracol trasero stop 175 LH,1,facturado,wRLCLHCqo29eGH7wDwpR,tlXoUgqNzrC7joAsIrJh
YZWNi1ldYRZtAGaXpLel,2026-05-12,Filtro de aceite compact,1,pendiente,,46jf95e2CO7XcCWDWq8v
YuQdiLEIFoFFlT7mZdYU,2026-05-11,Filtro y empaque,1,pendiente,,eqUw92h7s5dtXhgy5eTJ
Z10NvkX61KuuTwPYaNMM,2026-05-07,Cable de freno de mano 2022,1,facturado,DgOcpmFeobVPWR5FMKBd,7pdv1aX7UTOjfFa9XXHz
ZOGZ6wDwg86WU1NSJNP7,2026-05-05,Clutch completo,1,facturado,v1dXhJ7zoPQC4lQVa9lD,FdA1ooSQ9duHCHMKZ4BZ
ZUklyp7dy7ZLCOOHO2WU,2026-05-05,Bomba trasera,1,facturado,6NtuAPjx2rqXxrnt7ULo,k799vWanLuRNf04a2Fwn
ZaoTWghZBA5R0rDdCxWL,2026-05-05,Filtro de aceite compact,2,facturado,zoyliGkrbviTL3x5RnOf,46jf95e2CO7XcCWDWq8v
ZfRTbZpJh8CXiGMFUBF0,2026-05-07,Kit de dados,1,pendiente,,q36NFZjl8T1P7izG1K37
ZoLb404XF0RizOzjUSoX,2026-05-07,Switch de neutro compact,1,facturado,lI0BG91jaOWACnPWIEky,C8j6R4HctBNUGc3ydmjZ
ZyfDc0rwE9h8yy6cjTE6,2026-05-08,Filtro de aceite compact,1,facturado,5hi7MYFXUW72Wf2U7T0x,46jf95e2CO7XcCWDWq8v
ZzdURVV3yhFy8ejMiD6F,2026-05-05,Gusano de clutch,1,facturado,XZDY7grcCtKXTxhTrjV6,H9GY2kqXC39RKFwMchsT
a5zYd0pYRXRR6EIEZVt5,2026-05-11,Clutch completo,1,pendiente,,FdA1ooSQ9duHCHMKZ4BZ
aG0qnlvPFXdoltOGrdqe,2026-05-07,Kit de dados,1,facturado,udW9PgsA8OdHfbhO2NI6,q36NFZjl8T1P7izG1K37
aIkEsPelVnVhnnHyPkkv,2026-05-12,Cable de clutch sin forro,1,facturado,DgOcpmFeobVPWR5FMKBd,tDqP4GdYl1m4hEwlOe8V
aK1ChSkZFYconqqwdzJV,2026-05-06,Aceite HAVOLINE 20W50 1000ml,1,pendiente,,xLianJA09yo8R7gurOM0
aj92Kv0lsqXAtWqfkxHH,2026-05-05,Filtro de aceite compact,1,facturado,zoyliGkrbviTL3x5RnOf,46jf95e2CO7XcCWDWq8v
anXEmNkQuoNCFZK1AkCM,2026-05-05,Balero 6904,1,facturado,6NtuAPjx2rqXxrnt7ULo,wnfBQ7Q0jrxq4dLvTwhf
aqoawBD33HXoOvZq70GY,2026-05-02,Filtro de aceite compact,1,facturado,kR0t5nFL90DNC1i3hW4p,46jf95e2CO7XcCWDWq8v
baMhBH7fByHMVsloziCL,2026-05-06,Filtro de aceite compact,2,facturado,GSKWpNj6adsGs1qc0LDE,46jf95e2CO7XcCWDWq8v
bh0hDjVhkUub4gA5H4vc,2026-05-13,Foco 67 de via Ambar,10,facturado,5hi7MYFXUW72Wf2U7T0x,zkZ4NlR2OlAScmqD53Im
c7W2O8o413PBAnEBxznW,2026-05-01,Tornillo de cruz,1,facturado,V3p6u4eXLKbuclKozUXs,uWyD3n0vqNj1OcGCI9jl
cFeG2WimDXetlHgUoTti,2026-05-08,Tambores de frenos BAJAJ,1,facturado,FasfNCOW6BIaFFx51ncn,szf5IjCggEtsE6XJRDou
cUoGMeUsSg42ka37OfPW,2026-05-02,Bujia Compact BAJAJ,2,facturado,bT3jPLHolkIXkmexIxYk,dXBTYOx1ogaUSNzboHSd
crQ8Z5ItyhCieDUBizzf,2026-05-13,Switch de parqueo,1,facturado,FasfNCOW6BIaFFx51ncn,mMsG50GXl1ZAWxo9AuaA
csn0IRnY6HFONSXvLkCY,2026-05-05,Aceite REPSOL 20W50 1000ml,1,facturado,XZDY7grcCtKXTxhTrjV6,MxZYt471Hv0ZhT0oI8gt
ctmam1LeK148wdlngE2d,2026-05-01,Empaque de freno trasero,3,facturado,V3p6u4eXLKbuclKozUXs,c3VvKk2OXo2CU9FKbg6e
dKoRaOunB9w2Q5CinpO3,2026-05-11,Plato para aros cromados de plastico shakti,1,facturado,FasfNCOW6BIaFFx51ncn,Ujow9Por5mZqSfV7Zj3v
dNUIF8V0rlM6E85NBIMC,2026-05-08,Focos de 2 contactos,4,pendiente,,KAmVRz4jn6YlUVpxwiXr
dUnaTocpqOKIFqtT6XHi,2026-05-05,Aceite HAVOLINE 20W50 1000ml,1,facturado,T34BW5BIcezVg3RZadSF,xLianJA09yo8R7gurOM0
dZIg0DMSnrzIV1CNMLua,2026-05-13,Focos de 2 contactos,4,pendiente,,KAmVRz4jn6YlUVpxwiXr
dgeSis7aRpjTkv7d37ce,2026-05-12,Aceite REPSOL 20W50 1000ml,2,pendiente,,MxZYt471Hv0ZhT0oI8gt
eKwzh31Jtb0a5eNvQdTr,2026-05-07,Aceite REPSOL 20W50 1000ml,1,pendiente,,MxZYt471Hv0ZhT0oI8gt
eR9AUe3OQonxzXGkhlgU,2026-05-07,Tensor de cadena de tiempo,1,pendiente,,hmjDvjldyAzrS4iY7wc8
eTvWaSl813N8UCKVcNNG,2026-05-04,Motor de arranque compact,1,facturado,SOGjRerjott7P4a2tmZw,3aOKqGgxw1VuoeX25xyj
engDU9jZnzsez7AjnQzb,2026-05-13,Filtro y empaque,1,pendiente,,eqUw92h7s5dtXhgy5eTJ
ewwS6OdlM4lrnxTxN5ps,2026-05-08,Aceite CASTROL 20W50 1000ml,1,pendiente,,iIPhKSCzDDkLG4BMkLHn
faaW7Fs9po8KDaGtSOJh,2026-05-08,Focos de 2 contactos,2,facturado,FtMvQe4K34ss22jjIyoi,KAmVRz4jn6YlUVpxwiXr
fyJQ4T8iE48T5b378RNO,2026-05-01,Clutch completo,1,facturado,8gGt5lmV26MfTBudXbDD,FdA1ooSQ9duHCHMKZ4BZ
gD0tmvOYzjEJqiLBsQOx,2026-05-04,Tope de flecha,2,facturado,SOGjRerjott7P4a2tmZw,JWSujng8noxUgEfwmLNN
gHYMEtZ46byFNR8Jd7Bj,2026-05-02,Aceite REPSOL 20W50 1000ml,1,facturado,kR0t5nFL90DNC1i3hW4p,MxZYt471Hv0ZhT0oI8gt
gIdwgBA4bT8bh5mHQgyp,2026-05-11,Filtro de aceite compact,2,facturado,FtMvQe4K34ss22jjIyoi,46jf95e2CO7XcCWDWq8v
gJKzo0UIwSqK0BIj8csH,2026-05-01,Cadena de tiempo,1,facturado,E16RXZy5k9EiHtpoinQa,JZbT4ZE0Bw5Ll8PciVsb
gK5eSLVjxnmVeu2ozkXZ,2026-05-06,Bomba de aceite,1,pendiente,,YsI2N2GF4Mjz11YVMJWs
geHVsZKHWBSfB1FOrtKC,2026-05-05,Aceite REPSOL 20W50 1000ml,12,facturado,GSKWpNj6adsGs1qc0LDE,MxZYt471Hv0ZhT0oI8gt
gm6TNRqH8N9zbGWGWszJ,2026-05-01,Grasera mediana,1,facturado,V3p6u4eXLKbuclKozUXs,XN5p4xTgq2hwmQmpyhtz
gv3MVjv8Cqjoi5IrxnPw,2026-05-05,Retenedor metalico,1,facturado,kYGObPwwlKM3PVuUoseD,mBAulDT5f931rYpQoW6z
gwhLjyfAZZ3SRpuLOWmr,2026-05-09,Aceite REPSOL 20W50 1000ml,1,facturado,kyPLLmcTJWzE0ZYeIFI1,MxZYt471Hv0ZhT0oI8gt
h1qh24ZTNMhpDIn6g099,2026-05-06,Silicon gris,1,facturado,10VMWGYjUMNFzdiqCV5r,YPzY7o9iQLR8ET1SnS5v
h7x4dXLY0YQNVwoBBvii,2026-05-08,Filtro de aceite compact,1,facturado,5hi7MYFXUW72Wf2U7T0x,46jf95e2CO7XcCWDWq8v
hLqO4mvMQlSIjmKNPPH8,2026-05-02,Aceite REPSOL 20W50 1000ml,4,facturado,kR0t5nFL90DNC1i3hW4p,MxZYt471Hv0ZhT0oI8gt
hNhebBJ9rgRA8ZtWzO0g,2026-05-09,Balero 142216 Bajaj,1,facturado,6NtuAPjx2rqXxrnt7ULo,R1VHNEPKjx63H9Erw4zq
hd8ruYk2OPZmFUHy3GsK,2026-05-07,Caracol trasero stop 175 RH,1,facturado,udW9PgsA8OdHfbhO2NI6,UoL7nzWMpXwoLk805hVn
hgQdoIub2S7sERzTdQHR,2026-05-13,Filtro de aceite compact,1,facturado,5uhUCWQWIuDRhxTs3ZJc,46jf95e2CO7XcCWDWq8v
hz57WNub1Fu3m6ITkPby,2026-05-09,Kit de empaques 205,1,facturado,kyPLLmcTJWzE0ZYeIFI1,2fwhPCyLREtyq6W2es7t
hzSi3HqNUjKzbWtpMPAW,2026-05-01,Kit de retenedores 175,1,facturado,V3p6u4eXLKbuclKozUXs,7w53huDrJrIGgVMPt6XM
iTaKqBJ9CvGt9Ls0OfPB,2026-05-07,Polvera grande,1,facturado,KVtQdCKe5ku72XNLVzHO,o76vNetcNhT9apKcuUVK
iq7kZ8TkwODF43j1Rbsg,2026-05-01,Espaciador de cigüeñal,1,facturado,V3p6u4eXLKbuclKozUXs,KItN7oeRudOANsE9LHbQ
iqKG9pOy9FfOleL8rzvR,2026-05-09,Guias de cadena de tiempo BAJAJ juego,1,facturado,10VMWGYjUMNFzdiqCV5r,QG0plBzJDBci8O1LBvJq
ixPIaTAl89ymTqYe2l5S,2026-05-05,Escobilla de crico,1,facturado,wRLCLHCqo29eGH7wDwpR,1EXwL3pitLc3WKl655Xn
j6URotYI2N7Ji4hmgimi,2026-05-08,Planta sola 175,1,facturado,5hi7MYFXUW72Wf2U7T0x,L4apupzsIzfP0XXB5j7h
j7X20f5kcwChNmH4hlcT,2026-05-06,Socket de 2 contactos,1,pendiente,,HTSMpfAbznlAWI6TuSQh
jS1szjQs2MatvQb1rYKu,2026-05-01,Aceite 140,1,facturado,KxwCcD4u3a2iyQE9e9yr,TmfFRNzZ093NMW8Y3tf9
jUko9JSYp7SH1u38hvtB,2026-05-12,Polvera grande,1,facturado,lI0BG91jaOWACnPWIEky,o76vNetcNhT9apKcuUVK
jdKlC6SSEgyFuLxQhQA3,2026-05-09,Aceite REPSOL 20W50 1000ml,2,pendiente,,MxZYt471Hv0ZhT0oI8gt
jfdbxt0dzYb1WCKYavvf,2026-05-02,Pivot estandar Bajaj,1,facturado,kR0t5nFL90DNC1i3hW4p,t2pvb0BS1i67CNAfQlIA
k9p0EVBCrlv90t32xtsF,2026-05-05,Motor de arranque 175,1,facturado,XZDY7grcCtKXTxhTrjV6,MylSDeFoG7L3guoaKGpz
kAUMFBLsFI0UEjDsuvmV,2026-05-08,Focos de 2 contactos,6,pendiente,,KAmVRz4jn6YlUVpxwiXr
kH6i67wRwCvVNGCVE627,2026-05-11,Kit de empaques 205,1,facturado,5hi7MYFXUW72Wf2U7T0x,2fwhPCyLREtyq6W2es7t
khNgXiZiMQkmqbAy0Dvf,2026-05-07,Kit de dados,2,pendiente,,q36NFZjl8T1P7izG1K37
l9AmiuJvamcMYJ3whsRY,2026-05-05,Filtro de aceite compact,1,facturado,GSKWpNj6adsGs1qc0LDE,46jf95e2CO7XcCWDWq8v
lANR5B4NCIziwdvSUrHZ,2026-05-05,Eje de leva,1,facturado,XZDY7grcCtKXTxhTrjV6,lioqBR0VocC0wOxG8F5A
lKy5OE18nFNBLeqpAKyr,2026-05-06,Balero 4906,1,facturado,6NtuAPjx2rqXxrnt7ULo,qfAxhUnmOauvqpMagI8u
lfDtL4bqjyRWzvGA8jdq,2026-05-07,Tornillo especial de manecilla BCB,1,pendiente,,EWYvDsTe0z95GNaEp7Wi
lfHBE2aE1M71pFbYOfpf,2026-05-02,Aceite REPSOL 20W50 1000ml,2,facturado,kR0t5nFL90DNC1i3hW4p,MxZYt471Hv0ZhT0oI8gt
lmzJh8BNqpg1NNLYF0AM,2026-05-09,Eje de piña,1,facturado,10VMWGYjUMNFzdiqCV5r,xyO88XVEhsTZcZQGSr8Y
loxkHSQDk0VwTbpy0Fcx,2026-05-06,Aceite HAVOLINE 20W50 1000ml,1,pendiente,,xLianJA09yo8R7gurOM0
mFmAf9wImtEYYr5foM78,2026-05-05,Cable de velocidad sin forro,1,facturado,v1dXhJ7zoPQC4lQVa9lD,bBQlcoywZfGwzPIViAw2
mPKXZyvZ5tMrHLErvh9Y,2026-05-12,Filtro de aceite compact,1,pendiente,,46jf95e2CO7XcCWDWq8v
mQjRMuiPWTKSmMZhqDsA,2026-05-04,Aceite REPSOL 20W50 1000ml,2,facturado,v1dXhJ7zoPQC4lQVa9lD,MxZYt471Hv0ZhT0oI8gt
mT3LCVEEOm48j5gysg14,2026-05-02,Boton de arranque BCB,1,facturado,ouKaA2KBoTwc5pXuSDHb,U95gHh7s6MN4dekqKNLl
maG81r5OuayQfpesH9gX,2026-05-01,Pivot,1,facturado,eNCNI0TYfRDw75qu8mGD,ezNs4lrtDn35wJ0iV0tN
nIV5uXosa1HJ34GVsDec,2026-05-08,Filtro de aceite compact,1,facturado,5hi7MYFXUW72Wf2U7T0x,46jf95e2CO7XcCWDWq8v
nXOwUXLxr2me2Wag3tKN,2026-05-02,Bujin de masa delantera,1,facturado,kR0t5nFL90DNC1i3hW4p,15n9GwwRsHxYK9Poh8fN
nejNwx22DQRrB2Yxs4Ud,2026-05-01,Filtro y empaque,1,facturado,KxwCcD4u3a2iyQE9e9yr,eqUw92h7s5dtXhgy5eTJ
nij9NXOPk3ARFgFbU6cL,2026-05-01,Cigüeñal 175,1,facturado,V3p6u4eXLKbuclKozUXs,cWnKunmbcR9jDK8Ft6Lg
nmpD1LYVCqYuaV6GKecU,2026-05-08,Aceite 140,1,facturado,kYGObPwwlKM3PVuUoseD,TmfFRNzZ093NMW8Y3tf9
nsCoLV6iRHR6aWIpB0NK,2026-05-01,Balero 6004,1,facturado,V3p6u4eXLKbuclKozUXs,gRpoTQoWiS3VAFyJFcBa
o6b7avsiOxeZIs4p06ue,2026-05-13,Pito de platillo,1,facturado,5hi7MYFXUW72Wf2U7T0x,ELmxEfQtQ4Jy4GGW94Fj
oHrjjzyUmYKIYwVdyAo8,2026-05-11,Grasera mediana,1,facturado,FasfNCOW6BIaFFx51ncn,XN5p4xTgq2hwmQmpyhtz
oPbo1b6Qra9BGDhdylXu,2026-05-05,Rin ancho 4.00X8,2,facturado,MXeq9c7xDcWMf6VeIIXh,D9KVnk4aP5wspEGYV9Uh
oQTsmAdOIzt1nuAKhRdl,2026-05-01,Rin completo bajaj,1,facturado,8gGt5lmV26MfTBudXbDD,5QYSH5B6RjdeET5fwBLG
oWNV6GcqBPGz6ve576rt,2026-05-07,Filtro y empaque,1,facturado,lI0BG91jaOWACnPWIEky,eqUw92h7s5dtXhgy5eTJ
oqi0gOeFlSCsVGNoPAAF,2026-05-13,Caracol trasero stop 175 RH,1,pendiente,,UoL7nzWMpXwoLk805hVn
ovgKf66tTCxTkvOkX02e,2026-05-11,Kit de carbones,1,pendiente,,1p65y8Q6AMPuFmDZyawl
p6YurFucfueWxIr99JPc,2026-05-02,Cable de clutch nuevo Bajaj,1,facturado,bT3jPLHolkIXkmexIxYk,YOrVSh8ETDwxtBnSdzwi
pBrY7YyjC7jL1wMnBn6h,2026-05-04,Filtro y empaque,1,facturado,wRLCLHCqo29eGH7wDwpR,eqUw92h7s5dtXhgy5eTJ
pCUeBIe6TWxwRfTLi5Ra,2026-05-11,Tornillo de graduacion de frenos BCB Unidad,2,pendiente,,5PBCS6UFjcglZ6QDS6Oi
pVeK0Qob1y75GBcOoCbt,2026-05-05,Cable de clutch nuevo Bajaj,1,facturado,MXeq9c7xDcWMf6VeIIXh,YOrVSh8ETDwxtBnSdzwi
pbsR8xS2eQJQVzoX6WFR,2026-05-09,Cable de clutch sin forro,1,facturado,DgOcpmFeobVPWR5FMKBd,tDqP4GdYl1m4hEwlOe8V
pjOuzhw268EmjKcb42Pd,2026-05-02,Aceite REPSOL 20W50 1000ml,1,facturado,ouKaA2KBoTwc5pXuSDHb,MxZYt471Hv0ZhT0oI8gt
pppVF0jrUyIOu5sOsDb3,2026-05-11,Bomba de aceite,1,facturado,FasfNCOW6BIaFFx51ncn,YsI2N2GF4Mjz11YVMJWs
q1jKm20dPwa1Pc2kMvNo,2026-05-09,Filtro de aceite compact,2,facturado,FasfNCOW6BIaFFx51ncn,46jf95e2CO7XcCWDWq8v
q6fXJHVYM3mPcqbui9fD,2026-05-05,Prisionero o prensa de cable BCB,3,pendiente,,2vG9erys8uzANjXDklAF
q8WcAl4j0kevFtUF1Byu,2026-05-05,Guias de cadena de tiempo BAJAJ juego,2,facturado,kYGObPwwlKM3PVuUoseD,QG0plBzJDBci8O1LBvJq
qFZOdEVQKtbiOYtQ9wzn,2026-05-04,Aceite REPSOL 20W50 1000ml,1,facturado,wRLCLHCqo29eGH7wDwpR,MxZYt471Hv0ZhT0oI8gt
qNJtWvHjQ1tJcDGqineU,2026-05-07,Bujin de masa delantera,1,facturado,akGry5aca0blMboV5JX9,15n9GwwRsHxYK9Poh8fN
qT6381DPNMp4kLSHLHKy,2026-05-05,Bomba central de freno Compact,1,facturado,zoyliGkrbviTL3x5RnOf,ATh9IzqJTSpTinvS8Oo5
qXGNjRMIpWr7MejJN0lb,2026-05-11,Aceite REPSOL 20W50 1000ml,1,pendiente,,MxZYt471Hv0ZhT0oI8gt
qcYSD7qiIR9xcLH6UKnl,2026-05-02,Motor de arranque 175,1,facturado,kR0t5nFL90DNC1i3hW4p,MylSDeFoG7L3guoaKGpz
qep1QTOe8FEnv1HCczPc,2026-05-05,Balero 6004,1,facturado,MXeq9c7xDcWMf6VeIIXh,gRpoTQoWiS3VAFyJFcBa
quR8mhN05fQs1WRqR8jN,2026-05-05,Socket de 2 contactos,1,facturado,udW9PgsA8OdHfbhO2NI6,HTSMpfAbznlAWI6TuSQh
qxI2VDf5TIzKQlvETsDz,2026-05-08,Aceite REPSOL 20W50 1000ml,1,facturado,ni7JyyKxmxMcUeMJ45aI,MxZYt471Hv0ZhT0oI8gt
r76SsoX9p0VsHDbW0xoS,2026-05-06,Bomba trasera,1,facturado,rC7TRveZApUO1ifDvlWO,k799vWanLuRNf04a2Fwn
rHHUUSezNgucOUTSLQ0a,2026-05-08,Foco silvin,1,facturado,10VMWGYjUMNFzdiqCV5r,XqSsL3cmMNXMc30h6lYb
rZpsqkU3uWcIZAQbWFfY,2026-05-13,Tope de flecha,2,pendiente,,JWSujng8noxUgEfwmLNN
rcDoVgOAtotc6XxrIyea,2026-05-05,Retenedor metalico,1,facturado,v1dXhJ7zoPQC4lQVa9lD,mBAulDT5f931rYpQoW6z
ruznjtkC6qhONyy8c6AJ,2026-05-05,Cable de velocidad sin forro,1,facturado,XZDY7grcCtKXTxhTrjV6,bBQlcoywZfGwzPIViAw2
s2Pa2A99st0n9JkANEi8,2026-05-06,Guardafango delantero,1,facturado,10VMWGYjUMNFzdiqCV5r,zuglLPIwNBO5JGHRNnkX
sAzw14e79UYo6ieN1goA,2026-05-04,Kit de dados,1,facturado,SOGjRerjott7P4a2tmZw,q36NFZjl8T1P7izG1K37
sPhOoTsHiI4sj6bjrgOX,2026-05-12,Silicon gris,1,facturado,5hi7MYFXUW72Wf2U7T0x,YPzY7o9iQLR8ET1SnS5v
sRi8EjYr1IoNqCAG9a6x,2026-05-08,Aceite CASTROL 20W50 1000ml,1,facturado,yCOfi1Uom2UTRbDnjWrt,iIPhKSCzDDkLG4BMkLHn
sfmntDLs9q4BN8kH2fWt,2026-05-11,Aceite REPSOL 20W50 1000ml,5,pendiente,,MxZYt471Hv0ZhT0oI8gt
shoH4sgghP6q4G3onP8Z,2026-05-06,Caracol trasero stop 175 RH,3,facturado,DgOcpmFeobVPWR5FMKBd,UoL7nzWMpXwoLk805hVn
snAH4VN8jbGCMqJRMYbU,2026-05-02,Aceite REPSOL 20W50 1000ml,1,facturado,ouKaA2KBoTwc5pXuSDHb,MxZYt471Hv0ZhT0oI8gt
t7vdxJGGug6pApbzoMoo,2026-05-01,Focos de 2 contactos,10,facturado,V3p6u4eXLKbuclKozUXs,KAmVRz4jn6YlUVpxwiXr
tAHiFTPPcQjWRLbB6289,2026-05-02,Aceite REPSOL 20W50 1000ml,3,facturado,kR0t5nFL90DNC1i3hW4p,MxZYt471Hv0ZhT0oI8gt
tLV17SRZKs4200lqi0A1,2026-05-09,Cable de clutch compact Bajaj,1,facturado,5hi7MYFXUW72Wf2U7T0x,YwFBh8gSR2cqUzSV2cUM
tTSdUnfQSSQo1eWQnbtF,2026-05-12,Pivot,1,facturado,FasfNCOW6BIaFFx51ncn,ezNs4lrtDn35wJ0iV0tN
tXmR5CFGupvb7mxTkrRo,2026-05-09,Aceite REPSOL 20W50 1000ml,1,facturado,FtMvQe4K34ss22jjIyoi,MxZYt471Hv0ZhT0oI8gt
tZM2DimB0UXfKTq0Vmsx,2026-05-07,Cable de velocidad Compact Blanco Negro,2,facturado,DgOcpmFeobVPWR5FMKBd,qKCU8SLjJMeIQFqUKOnZ
u0niJM71RpTVcQuSOC3H,2026-05-11,Cigüeñal 175,1,pendiente,,cWnKunmbcR9jDK8Ft6Lg
uFarfeRWkQ4HtC9tZKFr,2026-05-05,Kit de baleros traseros,1,facturado,v1dXhJ7zoPQC4lQVa9lD,rFNWNK3eGYImlLePjnO5
usj1xdWZCIMRLaAPaepz,2026-05-05,Cable de velocidad sin forro,1,facturado,kYGObPwwlKM3PVuUoseD,bBQlcoywZfGwzPIViAw2
v52oFYKFl6n9R3vr320r,2026-05-07,Socket de 2 contactos,1,pendiente,,HTSMpfAbznlAWI6TuSQh
vEW71ycxZJQIBvea2bwd,2026-05-01,Cilindro Completo 205,1,facturado,V3p6u4eXLKbuclKozUXs,KtJCIL580VAxTm68iYx5
vKu1jjP8RYQnkFXwn2Hs,2026-05-09,Cigüeñal 175,1,facturado,lI0BG91jaOWACnPWIEky,cWnKunmbcR9jDK8Ft6Lg
vT8cSEVX8r55VaAbqoEh,2026-05-08,Focos de 2 contactos,4,facturado,ni7JyyKxmxMcUeMJ45aI,KAmVRz4jn6YlUVpxwiXr
vZl4ItcwLou3b4mHi5Nv,2026-05-11,Filtro y empaque,1,pendiente,,eqUw92h7s5dtXhgy5eTJ
vb9Url2pxBg89LdtYiBx,2026-05-01,Guardafangos trasero,1,facturado,KxwCcD4u3a2iyQE9e9yr,8VGpOjDyg1rmXQHcUgNG
vdyFEsCvuMmXqTVDrT44,2026-05-01,Cruz de cambio,1,facturado,V3p6u4eXLKbuclKozUXs,9QznepEmRXvHVoswi2ej
vk7MA2apXtuZYtT8vov3,2026-05-05,Cable de clutch compact Bajaj,1,facturado,zoyliGkrbviTL3x5RnOf,YwFBh8gSR2cqUzSV2cUM
vm37sRRZjjX8QJ8QPb1h,2026-05-12,Polvera grande,3,pendiente,,o76vNetcNhT9apKcuUVK
vmpHKDCJX9I5II42c7Kc,2026-05-11,Ventilador 175,1,facturado,FasfNCOW6BIaFFx51ncn,9uht1NH2ojYX5ATgNKAN
vn5gTT5ETKFy8xfm8n9J,2026-05-01,Grasera mediana,1,facturado,KxwCcD4u3a2iyQE9e9yr,XN5p4xTgq2hwmQmpyhtz
wWTqc5ATmC1smVRw6c8d,2026-05-01,Polvera grande,1,facturado,KxwCcD4u3a2iyQE9e9yr,o76vNetcNhT9apKcuUVK
waU26JqUyDA21vEszma7,2026-05-02,Cable de clutch nuevo Bajaj,1,facturado,ouKaA2KBoTwc5pXuSDHb,YOrVSh8ETDwxtBnSdzwi
wwK3QrVAwr5MEJKiyGt3,2026-05-05,Filtro de aceite compact,1,facturado,XZDY7grcCtKXTxhTrjV6,46jf95e2CO7XcCWDWq8v
x812z04Cd5YvYSoR7IFc,2026-05-12,Aceite REPSOL 20W50 1000ml,2,pendiente,,MxZYt471Hv0ZhT0oI8gt
xCDxw6zu4u8MIXnGYxH0,2026-05-05,Switch de neutro compact,1,facturado,MXeq9c7xDcWMf6VeIIXh,C8j6R4HctBNUGc3ydmjZ
xID74MhmLtILxmPsHNEB,2026-05-05,Plato para aros cromados de plastico shakti,1,pendiente,,Ujow9Por5mZqSfV7Zj3v
xN58tg7R6Sj1a18mZ6hZ,2026-05-09,Cruz de cambio,1,facturado,10VMWGYjUMNFzdiqCV5r,9QznepEmRXvHVoswi2ej
xQ1maeN5Nlb4S9q4jrgV,2026-05-05,Cable de clutch compact Bajaj,1,facturado,wRLCLHCqo29eGH7wDwpR,YwFBh8gSR2cqUzSV2cUM
xREbcgfRsdub3pcJwReH,2026-05-05,Socket de 2 contactos,1,pendiente,,HTSMpfAbznlAWI6TuSQh
xcJ63dXk8RhD4YfMFGcd,2026-05-05,Switch de freno 2007 Bajaj,1,pendiente,,y33BLkAI5s1VIE3UWFuf
xdFoiJSzLYqLoOYL6EEo,2026-05-02,Aceite REPSOL 20W50 1000ml,2,facturado,kR0t5nFL90DNC1i3hW4p,MxZYt471Hv0ZhT0oI8gt
y09g4XFLuGBPBQtr5EC9,2026-05-06,Balero 6904,1,facturado,rC7TRveZApUO1ifDvlWO,wnfBQ7Q0jrxq4dLvTwhf
y0TvJchcg8BtdF6bM8ao,2026-05-05,Aceite HAVOLINE 20W50 1000ml,1,facturado,XZDY7grcCtKXTxhTrjV6,xLianJA09yo8R7gurOM0
yEusqZKV4x7eJaXYNfhb,2026-05-13,Aceite CASTROL 20W50 1000ml,1,pendiente,,iIPhKSCzDDkLG4BMkLHn
yXwMDTyAXa9sdkawMpOT,2026-05-08,Grasera mediana,1,facturado,5hi7MYFXUW72Wf2U7T0x,XN5p4xTgq2hwmQmpyhtz
yp2pkmDXnfI6dWEJIR38,2026-05-09,Cadena de tiempo,1,pendiente,,JZbT4ZE0Bw5Ll8PciVsb
ys7EabhVONUiO7aDANMh,2026-05-12,Aceite 140,1,facturado,rC7TRveZApUO1ifDvlWO,TmfFRNzZ093NMW8Y3tf9
z1EWfiZOEC3O0pkN6vS7,2026-05-04,Filtro de aceite compact,1,facturado,SOGjRerjott7P4a2tmZw,46jf95e2CO7XcCWDWq8v
zEZAasUDMQW4wabMgnwN,2026-05-07,Caracol trasero stop 175 LH,1,facturado,DgOcpmFeobVPWR5FMKBd,tlXoUgqNzrC7joAsIrJh
zMF5h1dqREQVl9yUlimd,2026-05-04,Aceite REPSOL 20W50 1000ml,1,facturado,kYGObPwwlKM3PVuUoseD,MxZYt471Hv0ZhT0oI8gt
zSHPGjX64Xmqu8y5AIRl,2026-05-07,Kit de carbones,1,facturado,10VMWGYjUMNFzdiqCV5r,1p65y8Q6AMPuFmDZyawl
zUMqKZQWrvsXSZfgSGqY,2026-05-05,Filtro de aceite compact,1,facturado,v1dXhJ7zoPQC4lQVa9lD,46jf95e2CO7XcCWDWq8v
zUnFs8cEgNcZxnuvXk6v,2026-05-11,Filtro de aceite compact,1,facturado,FasfNCOW6BIaFFx51ncn,46jf95e2CO7XcCWDWq8v
zZr6m78bpSoAmKW9W5VB,2026-05-01,Balero 142216 Bajaj,1,facturado,eNCNI0TYfRDw75qu8mGD,R1VHNEPKjx63H9Erw4zq
zcjEwHNHAjLBV4TXHb2q,2026-05-05,Focos de 2 contactos,10,facturado,T34BW5BIcezVg3RZadSF,KAmVRz4jn6YlUVpxwiXr
zdBY3ozdE8Ro1WD74F8U,2026-05-04,Relay de start 2022 Bajaj,1,facturado,SOGjRerjott7P4a2tmZw,BxrvOqH0QZNmVYoI7z84
ziosmyfzMbazeS90XSG4,2026-05-05,Foco silvin,2,facturado,kYGObPwwlKM3PVuUoseD,XqSsL3cmMNXMc30h6lYb
ztbdoO5DJYabDeieo96J,2026-05-02,Pivot,1,facturado,bT3jPLHolkIXkmexIxYk,ezNs4lrtDn35wJ0iV0tN
zyuHtPW7TWTY8XVkk8x4,2026-05-01,Piña multiple 175,1,facturado,E16RXZy5k9EiHtpoinQa,cE6TrQQ4vQ2YP344B5vY
